-- phpMyAdmin SQL Dump
-- version 4.8.4
-- https://www.phpmyadmin.net/
--
-- Servidor: 127.0.0.1:3306
-- Tiempo de generación: 28-04-2019 a las 11:23:35
-- Versión del servidor: 5.7.24
-- Versión de PHP: 7.2.14

SET SQL_MODE = "NO_AUTO_VALUE_ON_ZERO";
SET AUTOCOMMIT = 0;
START TRANSACTION;
SET time_zone = "+00:00";


/*!40101 SET @OLD_CHARACTER_SET_CLIENT=@@CHARACTER_SET_CLIENT */;
/*!40101 SET @OLD_CHARACTER_SET_RESULTS=@@CHARACTER_SET_RESULTS */;
/*!40101 SET @OLD_COLLATION_CONNECTION=@@COLLATION_CONNECTION */;
/*!40101 SET NAMES utf8mb4 */;

--
-- Base de datos: `información general del listas de votación`
--

-- --------------------------------------------------------

--
-- Estructura de tabla para la tabla `tabla1`
--

DROP TABLE IF EXISTS `tabla1`;
CREATE TABLE IF NOT EXISTS `tabla1` (
  `Cod_provincia` varchar(8) COLLATE utf8_spanish2_ci NOT NULL,
  `Nombre` varchar(22) COLLATE utf8_spanish2_ci DEFAULT NULL,
  `Municipios` int(11) NOT NULL,
  `Distritos` int(11) NOT NULL,
  `Secciones` int(11) NOT NULL,
  `Mesas_Electorales` int(11) NOT NULL,
  `Locales_Electorales` int(11) NOT NULL,
  PRIMARY KEY (`Cod_provincia`)
) ENGINE=MyISAM DEFAULT CHARSET=utf8 COLLATE=utf8_spanish2_ci;

--
-- Volcado de datos para la tabla `tabla1`
--

INSERT INTO `tabla1` (`Cod_provincia`, `Nombre`, `Municipios`, `Distritos`, `Secciones`, `Mesas_Electorales`, `Locales_Electorales`) VALUES
('02', 'Albacete', 87, 123, 295, 517, 208),
('03', 'Alicante', 141, 232, 1222, 2222, 718),
('04', 'Almería', 103, 149, 463, 803, 321),
('01', 'Álava', 51, 56, 238, 425, 99),
('33', 'Asturias', 78, 130, 850, 1573, 614),
('05', 'Ávila', 248, 262, 312, 359, 289),
('06', 'Badajoz', 165, 249, 553, 898, 436),
('07', 'Islas Baleares', 67, 148, 662, 1215, 385),
('08', 'Barcelona', 311, 495, 3611, 5970, 1608),
('48', 'Bizkaia', 112, 173, 929, 1396, 340),
('09', 'Burgos', 371, 386, 587, 796, 461),
('10', 'Cáceres', 223, 270, 412, 513, 365),
('11', 'Cádiz', 45, 128, 923, 1521, 582),
('39', 'Cantabria', 102, 128, 467, 823, 424),
('12', 'Castellón', 135, 177, 443, 715, 345),
('13', 'Ciudad Real', 102, 160, 420, 705, 271),
('14', 'Córdoba', 77, 178, 620, 913, 414),
('15', 'A Coruña', 93, 202, 894, 1538, 916),
('16', 'Cuenca', 238, 257, 310, 383, 299),
('20', 'Gipuzkoa', 88, 120, 544, 846, 285),
('17', 'Girona', 221, 256, 530, 830, 393),
('18', 'Granada', 174, 212, 672, 1101, 562),
('19', 'Guadalajara', 288, 292, 393, 547, 351),
('21', 'Huelva', 80, 131, 367, 649, 269),
('22', 'Huesca', 202, 209, 287, 412, 274),
('23', 'Jaén', 97, 181, 508, 915, 383),
('24', 'León', 211, 232, 453, 801, 493),
('25', 'Lleida', 231, 253, 388, 563, 338),
('27', 'Lugo', 67, 98, 281, 541, 411),
('28', 'Madrid', 179, 246, 4417, 7590, 1065),
('29', 'Málaga', 103, 151, 1067, 1660, 619),
('30', 'Murcia', 45, 70, 1225, 1687, 581),
('31', 'Navarra', 272, 325, 562, 976, 358),
('32', 'Ourense', 92, 124, 263, 542, 421),
('34', 'Palencia', 191, 200, 277, 376, 283),
('35', 'Las Palmas', 34, 73, 709, 1510, 522),
('36', 'Pontevedra', 61, 168, 731, 1335, 678),
('26', 'La Rioja', 174, 192, 343, 501, 255),
('37', 'Salamanca', 362, 374, 532, 702, 475),
('38', 'Santa Cruz de Tenerife', 54, 101, 672, 1315, 554),
('40', 'Segovia', 209, 221, 276, 332, 259),
('41', 'Sevilla', 106, 217, 1361, 2564, 679),
('42', 'Soria', 183, 185, 216, 254, 203),
('43', 'Tarragona', 184, 236, 542, 1010, 372),
('44', 'Teruel', 236, 245, 285, 331, 277),
('45', 'Toledo', 204, 268, 530, 929, 354),
('46', 'Valencia', 266, 360, 1807, 3107, 1160),
('47', 'Valladolid', 225, 245, 569, 829, 371),
('49', 'Zamora', 248, 259, 321, 383, 301),
('50', 'Zaragoza', 293, 326, 878, 1432, 500),
('51', 'Ceuta', 1, 6, 56, 96, 32),
('52', 'Melilla', 1, 8, 44, 87, 23);

-- --------------------------------------------------------

--
-- Estructura de tabla para la tabla `tabla2`
--

DROP TABLE IF EXISTS `tabla2`;
CREATE TABLE IF NOT EXISTS `tabla2` (
  `Codigo_provincia` int(11) NOT NULL,
  `Nombre_Provincia` varchar(22) COLLATE utf8_spanish2_ci DEFAULT NULL,
  `España` int(11) DEFAULT NULL,
  `Extranjero` int(11) DEFAULT NULL,
  `Total` int(11) DEFAULT NULL,
  PRIMARY KEY (`Codigo_provincia`)
) ENGINE=MyISAM DEFAULT CHARSET=utf8 COLLATE=utf8_spanish2_ci;

--
-- Volcado de datos para la tabla `tabla2`
--

INSERT INTO `tabla2` (`Codigo_provincia`, `Nombre_Provincia`, `España`, `Extranjero`, `Total`) VALUES
(1, 'Álava', 250902, 6893, 257795),
(2, 'Albacete', 302739, 7465, 310204),
(3, 'Alicante', 1234705, 38214, 1272919),
(4, 'Almería', 458989, 41567, 500556),
(5, 'Ávila', 129135, 7984, 137119),
(6, 'Badajoz', 543953, 11464, 555417),
(7, 'Islas Baleares', 774103, 27604, 801707),
(8, 'Barcelona', 3993692, 185207, 4178899),
(9, 'Burgos', 281627, 17710, 299337),
(10, 'Cáceres', 329037, 16081, 345118),
(11, 'Cádiz', 971364, 28668, 1000032),
(12, 'Castellón', 410314, 9382, 419696),
(13, 'Ciudad Real', 390137, 6364, 396501),
(14, 'Córdoba', 630660, 18128, 648788),
(15, 'A Coruña', 929181, 158673, 1087854),
(16, 'Cuenca', 151931, 3082, 155013),
(17, 'Girona', 503141, 19716, 522857),
(18, 'Granada', 703498, 49489, 752987),
(19, 'Guadalajara', 182087, 4416, 186503),
(20, 'Gipuzkoa', 556209, 27537, 583746),
(21, 'Huelva', 390173, 7413, 397586),
(22, 'Huesca', 165153, 7491, 172644),
(23, 'Jaén', 514307, 12602, 526909),
(24, 'León', 386840, 46743, 433583),
(25, 'Lleida', 297846, 16710, 314556),
(26, 'La Rioja', 233627, 16208, 249835),
(27, 'Lugo', 278291, 66746, 345037),
(28, 'Madrid', 4748678, 306190, 5054868),
(29, 'Málaga', 1138383, 53452, 1191835),
(30, 'Murcia', 1024569, 32725, 1057294),
(31, 'Navarra', 483718, 27364, 511082),
(32, 'Ourense', 260513, 100675, 361188),
(33, 'Asturias', 856755, 117732, 974487),
(34, 'Palencia', 134396, 7315, 141711),
(35, 'Las Palmas', 820404, 47773, 868177),
(36, 'Pontevedra', 772631, 132403, 905034),
(37, 'Salamanca', 275607, 30465, 306072),
(38, 'Santa Cruz de Tenerife', 752343, 99542, 851885),
(39, 'Cantabria', 462900, 38504, 501404),
(40, 'Segovia', 116319, 3296, 119615),
(41, 'Sevilla', 1509590, 34596, 1544186),
(42, 'Soria', 69997, 6859, 76856),
(43, 'Tarragona', 553614, 18177, 571791),
(44, 'Teruel', 102909, 4825, 107734),
(45, 'Toledo', 512869, 11418, 524287),
(46, 'Valencia', 1902968, 61557, 1964525),
(47, 'Valladolid', 418906, 13656, 432562),
(48, 'Bizkaia', 909871, 39556, 949427),
(49, 'Zamora', 149017, 20178, 169195),
(50, 'Zaragoza', 714451, 23771, 738222),
(51, 'Ceuta', 59934, 2646, 62580),
(52, 'Melilla', 54124, 5104, 59228);

-- --------------------------------------------------------

--
-- Estructura de tabla para la tabla `tabla6`
--

DROP TABLE IF EXISTS `tabla6`;
CREATE TABLE IF NOT EXISTS `tabla6` (
  `Cod_Pais` int(11) NOT NULL,
  `País_de_residencia` varchar(62) COLLATE utf8_spanish2_ci DEFAULT NULL,
  `Nº_Electores` int(11) DEFAULT NULL,
  PRIMARY KEY (`Cod_Pais`)
) ENGINE=MyISAM DEFAULT CHARSET=utf8 COLLATE=utf8_spanish2_ci;

--
-- Volcado de datos para la tabla `tabla6`
--

INSERT INTO `tabla6` (`Cod_Pais`, `País_de_residencia`, `Nº_Electores`) VALUES
(101, 'ALBANIA', 30),
(102, 'AUSTRIA', 4321),
(103, 'BÉLGICA', 48872),
(104, 'BULGARIA', 219),
(106, 'CHIPRE', 204),
(107, 'DINAMARCA', 3715),
(109, 'FINLANDIA', 1793),
(110, 'FRANCIA', 214894),
(111, 'GRECIA', 1151),
(112, 'HUNGRÍA', 454),
(113, 'IRLANDA', 7037),
(114, 'ISLANDIA', 242),
(115, 'ITALIA', 18392),
(116, 'LIECHTENSTEIN', 301),
(117, 'LUXEMBURGO', 4399),
(118, 'MALTA', 470),
(119, 'MÓNACO', 195),
(120, 'NORUEGA', 4227),
(121, 'PAÍSES BAJOS', 22308),
(122, 'POLONIA', 1365),
(123, 'PORTUGAL', 10150),
(124, 'ANDORRA', 23213),
(125, 'REINO UNIDO', 104197),
(126, 'ALEMANIA', 125800),
(128, 'RUMANÍA', 391),
(131, 'SUECIA', 7787),
(132, 'SUIZA', 96973),
(135, 'UCRANIA', 252),
(136, 'LETONIA', 85),
(137, 'MOLDAVIA', 8),
(138, 'BELARÚS', 13),
(139, 'GEORGIA', 29),
(141, 'ESTONIA', 156),
(142, 'LITUANIA', 125),
(143, 'REPÚBLICA CHECA', 1028),
(144, 'REPÚBLICA ESLOVACA', 273),
(145, 'BOSNIA Y HERZEGOVINA', 51),
(146, 'CROACIA', 142),
(147, 'ESLOVENIA', 105),
(148, 'ARMENIA', 8),
(154, 'RUSIA', 1789),
(156, 'MACEDONIA', 16),
(157, 'SERBIA', 167),
(158, 'MONTENEGRO', 12),
(201, 'BURKINA FASO', 26),
(202, 'ANGOLA', 308),
(203, 'ARGELIA', 563),
(204, 'BENIN', 32),
(205, 'BOTSWANA', 10),
(206, 'BURUNDI', 1),
(207, 'CABO VERDE', 92),
(208, 'CAMERÚN', 185),
(210, 'CONGO', 11),
(211, 'COSTA DE MARFIL', 189),
(213, 'EGIPTO', 437),
(214, 'ETIOPÍA', 82),
(215, 'GABÓN', 63),
(216, 'GAMBIA', 115),
(217, 'GHANA', 130),
(218, 'GUINEA', 44),
(219, 'GUINEA-BISSAU', 49),
(220, 'GUINEA ECUATORIAL', 1510),
(221, 'KENIA', 240),
(222, 'LESOTHO', 0),
(223, 'LIBERIA', 12),
(224, 'LIBIA', 53),
(225, 'MADAGASCAR', 35),
(226, 'MALAWI', 17),
(227, 'MALI', 97),
(228, 'MARRUECOS', 5449),
(229, 'MAURICIO', 23),
(230, 'MAURITANIA', 163),
(231, 'MOZAMBIQUE', 175),
(232, 'NAMIBIA', 193),
(233, 'NÍGER', 40),
(234, 'NIGERIA', 152),
(235, 'REPÚBLICA CENTROAFRICANA', 17),
(236, 'SUDÁFRICA', 1425),
(237, 'RUANDA', 16),
(238, 'SANTO TOMÉ Y PRÍNCIPE', 3),
(239, 'SENEGAL', 418),
(240, 'SEYCHELLES', 7),
(241, 'SIERRA LEONA', 12),
(242, 'SOMALIA', 2),
(243, 'SUDÁN', 31),
(244, 'SWAZILANDIA', 1),
(245, 'TANZANIA', 70),
(246, 'CHAD', 15),
(247, 'TOGO', 25),
(248, 'TÚNEZ', 361),
(249, 'UGANDA', 27),
(250, 'REP.DEMOCRÁTICA DEL CONGO', 121),
(251, 'ZAMBIA', 18),
(252, 'ZIMBABWE', 46),
(253, 'ERITREA', 1),
(254, 'SUDÁN DEL SUR', 3),
(301, 'CANADÁ', 14285),
(302, 'ESTADOS UNIDOS DE AMÉRICA', 121495),
(303, 'MÉXICO', 119506),
(310, 'ANTIGUA Y BARBUDA', 8),
(311, 'BAHAMAS', 80),
(312, 'BARBADOS', 25),
(313, 'BELICE', 6),
(314, 'COSTA RICA', 6952),
(315, 'CUBA', 136522),
(317, 'EL SALVADOR', 1966),
(318, 'GRANADA', 7),
(319, 'GUATEMALA', 6938),
(320, 'HAITÍ', 107),
(321, 'HONDURAS', 2276),
(322, 'JAMAICA', 142),
(323, 'NICARAGUA', 1345),
(324, 'PANAMÁ', 10709),
(325, 'SAN VICENTE Y GRANADINAS', 3),
(326, 'REPÚBLICA DOMINICANA', 18544),
(327, 'TRINIDAD Y TOBAGO', 49),
(328, 'SANTA LUCÍA', 6),
(329, 'SAN CRISTÓBAL Y NIEVES', 3),
(340, 'ARGENTINA', 420914),
(341, 'BOLIVIA', 9998),
(342, 'BRASIL', 112798),
(343, 'COLOMBIA', 27218),
(344, 'CHILE', 55439),
(345, 'ECUADOR', 39038),
(346, 'GUYANA', 5),
(347, 'PARAGUAY', 4945),
(348, 'PERÚ', 20359),
(349, 'SURINAM', 2),
(350, 'URUGUAY', 59488),
(351, 'VENEZUELA', 130250),
(390, 'PUERTO RICO (*)', 6353),
(391, 'ARUBA  (*)', 19),
(392, 'ANTILLAS NEERLANDESAS  (*)', 47),
(401, 'AFGANISTÁN', 15),
(402, 'ARABIA SAUDÍ', 1448),
(403, 'BAHRÉIN', 21),
(404, 'BANGLADESH', 53),
(405, 'MYANMAR', 39),
(407, 'CHINA', 3882),
(408, 'EMIRATOS ÁRABES UNIDOS', 3803),
(409, 'FILIPINAS', 3462),
(410, 'INDIA', 670),
(411, 'INDONESIA', 470),
(412, 'IRAK', 47),
(413, 'IRÁN', 87),
(414, 'ISRAEL', 3259),
(415, 'JAPÓN', 2106),
(416, 'JORDANIA', 856),
(417, 'CAMBOYA', 52),
(418, 'KUWAIT', 348),
(419, 'LAOS', 13),
(420, 'LÍBANO', 622),
(421, 'MALASIA', 394),
(422, 'MALDIVAS', 5),
(423, 'MONGOLIA', 6),
(424, 'NEPAL', 7),
(425, 'OMÁN', 199),
(426, 'PAKISTÁN', 338),
(427, 'QATAR', 1352),
(430, 'COREA', 342),
(431, 'COREA DEL NORTE', 2),
(432, 'SINGAPUR', 1277),
(433, 'SIRIA', 182),
(434, 'SRI-LANKA', 18),
(435, 'TAILANDIA', 788),
(436, 'TURQUÍA', 3680),
(437, 'VIETNAM', 273),
(438, 'OTROS PAÍSES DE ASIA', 364),
(439, 'BRUNEI', 3),
(441, 'YEMEN', 4),
(442, 'AZERBAIYÁN', 11),
(443, 'KAZAJSTÁN', 56),
(444, 'KIRGUISTÁN', 3),
(445, 'TAYIKISTÁN', 1),
(447, 'UZBEKISTÁN', 13),
(449, 'PALESTINA, ESTADO OBSERVADOR NO MIEMBRO DE NACIONES UNIDAS', 211),
(501, 'AUSTRALIA', 19244),
(502, 'FIJI', 2),
(504, 'NUEVA ZELANDA', 969),
(505, 'PAPÚA NUEVA GUINEA', 4),
(506, 'ISLAS SALOMÓN', 2),
(509, 'VANUATU', 2),
(511, 'MICRONESIA', 1),
(513, 'ISLAS COOK', 1),
(516, 'PALAOS', 2),
(517, 'TIMOR ORIENTAL', 6);

-- --------------------------------------------------------

--
-- Estructura de tabla para la tabla `tabla9`
--

DROP TABLE IF EXISTS `tabla9`;
CREATE TABLE IF NOT EXISTS `tabla9` (
  `Años_cumplidos` varchar(8) COLLATE utf8_spanish2_ci NOT NULL,
  `Mujeres` int(11) NOT NULL,
  `Hombres` int(11) NOT NULL,
  `TOTAL` int(11) NOT NULL,
  PRIMARY KEY (`Años_cumplidos`)
) ENGINE=MyISAM DEFAULT CHARSET=utf8 COLLATE=utf8_spanish2_ci;

--
-- Volcado de datos para la tabla `tabla9`
--

INSERT INTO `tabla9` (`Años_cumplidos`, `Mujeres`, `Hombres`, `TOTAL`) VALUES
('18 a 19', 401160, 424743, 825903),
('20 a 24', 954843, 1008208, 1963051),
('25 a 29', 1015683, 1067353, 2083036),
('30 a 34', 1115390, 1152587, 2267977),
('35 a 39', 1407516, 1430225, 2837741),
('40 a 44', 1711400, 1738821, 3450221),
('45 a 49', 1694722, 1712528, 3407250),
('50 a 54', 1670132, 1651480, 3321612),
('55 a 59', 1557656, 1509285, 3066941),
('60 a 64', 1373163, 1296353, 2669516),
('65 a 69', 1192507, 1090808, 2283315),
('70 a 74', 1130151, 971425, 2101576),
('75 a 79', 898790, 712704, 1611494),
('80 a 84', 784227, 532382, 1316609),
('85 y más', 1053717, 539148, 1592865);

-- --------------------------------------------------------

--
-- Estructura de tabla para la tabla `tabla11`
--

DROP TABLE IF EXISTS `tabla11`;
CREATE TABLE IF NOT EXISTS `tabla11` (
  `ID` int(11) NOT NULL AUTO_INCREMENT,
  `Años_cumplidos` varchar(8) COLLATE utf8_spanish2_ci NOT NULL,
  `Mujeres` int(11) NOT NULL,
  `Hombres` int(11) NOT NULL,
  `TOTAL` int(11) NOT NULL,
  `PROVINCIA` varchar(22) COLLATE utf8_spanish2_ci NOT NULL,
  PRIMARY KEY (`ID`)
) ENGINE=MyISAM AUTO_INCREMENT=752 DEFAULT CHARSET=utf8 COLLATE=utf8_spanish2_ci;

--
-- Volcado de datos para la tabla `tabla11`
--

INSERT INTO `tabla11` (`ID`, `Años_cumplidos`, `Mujeres`, `Hombres`, `TOTAL`, `PROVINCIA`) VALUES
(1, '18 a 19', 3755, 3916, 7671, 'ALBACETE'),
(2, '20 a 24', 9221, 10047, 19268, 'ALBACETE'),
(3, '25 a 29', 9634, 10345, 19979, 'ALBACETE'),
(4, '30 a 34', 9760, 10385, 20145, 'ALBACETE'),
(5, '35 a 39', 11508, 12170, 23678, 'ALBACETE'),
(6, '40 a 44', 13781, 14301, 28082, 'ALBACETE'),
(7, '45 a 49', 14147, 14356, 28503, 'ALBACETE'),
(8, '50 a 54', 14752, 14882, 29634, 'ALBACETE'),
(9, '55 a 59', 13795, 14177, 27972, 'ALBACETE'),
(10, '60 a 64', 11183, 10972, 22155, 'ALBACETE'),
(11, '65 a 69', 9256, 8882, 18138, 'ALBACETE'),
(12, '70 a 74', 8648, 7688, 16336, 'ALBACETE'),
(13, '75 a 79', 7753, 6336, 14089, 'ALBACETE'),
(14, '80 a 84', 7020, 5242, 12262, 'ALBACETE'),
(15, '85 y más', 9206, 5621, 14827, 'ALBACETE'),
(16, '18 a 19', 15083, 15981, 31064, 'ALICANTE'),
(17, '20 a 24', 35707, 37908, 73615, 'ALICANTE'),
(18, '25 a 29', 37106, 39380, 76486, 'ALICANTE'),
(19, '30 a 34', 40649, 42808, 83457, 'ALICANTE'),
(20, '35 a 39', 50991, 52616, 103607, 'ALICANTE'),
(21, '40 a 44', 61452, 63802, 125254, 'ALICANTE'),
(22, '45 a 49', 60579, 62015, 122594, 'ALICANTE'),
(23, '50 a 54', 59648, 59213, 118861, 'ALICANTE'),
(24, '55 a 59', 55036, 53842, 108878, 'ALICANTE'),
(25, '60 a 64', 48290, 45210, 93500, 'ALICANTE'),
(26, '65 a 69', 41639, 38054, 79693, 'ALICANTE'),
(27, '70 a 74', 38339, 33413, 71752, 'ALICANTE'),
(28, '75 a 79', 30488, 24562, 55050, 'ALICANTE'),
(29, '80 a 84', 25548, 17825, 43373, 'ALICANTE'),
(30, '85 y más', 30898, 16623, 47521, 'ALICANTE'),
(31, '18 a 19', 6032, 6551, 12583, 'ALMERIA'),
(32, '20 a 24', 14614, 15646, 30260, 'ALMERIA'),
(33, '25 a 29', 15981, 16881, 32862, 'ALMERIA'),
(34, '30 a 34', 17069, 18108, 35177, 'ALMERIA'),
(35, '35 a 39', 20837, 21243, 42080, 'ALMERIA'),
(36, '40 a 44', 23350, 24212, 47562, 'ALMERIA'),
(37, '45 a 49', 22349, 22769, 45118, 'ALMERIA'),
(38, '50 a 54', 22244, 22093, 44337, 'ALMERIA'),
(39, '55 a 59', 19910, 19752, 39662, 'ALMERIA'),
(40, '60 a 64', 16886, 16599, 33485, 'ALMERIA'),
(41, '65 a 69', 13946, 13215, 27161, 'ALMERIA'),
(42, '70 a 74', 12288, 10989, 23277, 'ALMERIA'),
(43, '75 a 79', 9202, 7322, 16524, 'ALMERIA'),
(44, '80 a 84', 8353, 5642, 13995, 'ALMERIA'),
(45, '85 y más', 9583, 5323, 14906, 'ALMERIA'),
(46, '18 a 19', 2610, 2713, 5323, 'ÁLAVA'),
(47, '20 a 24', 5818, 6096, 11914, 'ÁLAVA'),
(48, '25 a 29', 5944, 6116, 12060, 'ÁLAVA'),
(49, '30 a 34', 7317, 7471, 14788, 'ÁLAVA'),
(50, '35 a 39', 9773, 9879, 19652, 'ÁLAVA'),
(51, '40 a 44', 12247, 12831, 25078, 'ÁLAVA'),
(52, '45 a 49', 12239, 12519, 24758, 'ÁLAVA'),
(53, '50 a 54', 12108, 12179, 24287, 'ÁLAVA'),
(54, '55 a 59', 11741, 11142, 22883, 'ÁLAVA'),
(55, '60 a 64', 10613, 9980, 20593, 'ÁLAVA'),
(56, '65 a 69', 9460, 8770, 18230, 'ÁLAVA'),
(57, '70 a 74', 8857, 8218, 17075, 'ÁLAVA'),
(58, '75 a 79', 6698, 5846, 12544, 'ÁLAVA'),
(59, '80 a 84', 5548, 4219, 9767, 'ÁLAVA'),
(60, '85 y más', 7872, 4078, 11950, 'ÁLAVA'),
(61, '18 a 19', 6933, 7537, 14470, 'ASTURIAS'),
(62, '20 a 24', 16927, 17925, 34852, 'ASTURIAS'),
(63, '25 a 29', 18255, 19207, 37462, 'ASTURIAS'),
(64, '30 a 34', 22501, 23541, 46042, 'ASTURIAS'),
(65, '35 a 39', 31047, 30982, 62029, 'ASTURIAS'),
(66, '40 a 44', 39875, 40518, 80393, 'ASTURIAS'),
(67, '45 a 49', 39555, 39365, 78920, 'ASTURIAS'),
(68, '50 a 54', 39708, 38517, 78225, 'ASTURIAS'),
(69, '55 a 59', 41279, 38989, 80268, 'ASTURIAS'),
(70, '60 a 64', 40735, 37028, 77763, 'ASTURIAS'),
(71, '65 a 69', 36218, 32264, 68482, 'ASTURIAS'),
(72, '70 a 74', 34031, 28202, 62233, 'ASTURIAS'),
(73, '75 a 79', 24679, 18905, 43584, 'ASTURIAS'),
(74, '80 a 84', 24015, 15381, 39396, 'ASTURIAS'),
(75, '85 y más', 35934, 16702, 52636, 'ASTURIAS'),
(76, '18 a 19', 1264, 1280, 2544, 'ÁVILA'),
(77, '20 a 24', 3096, 3328, 6424, 'ÁVILA'),
(78, '25 a 29', 3066, 3484, 6550, 'ÁVILA'),
(79, '30 a 34', 3369, 3762, 7131, 'ÁVILA'),
(80, '35 a 39', 4112, 4308, 8420, 'ÁVILA'),
(81, '40 a 44', 5072, 5441, 10513, 'ÁVILA'),
(82, '45 a 49', 5334, 5601, 10935, 'ÁVILA'),
(83, '50 a 54', 5838, 6033, 11871, 'ÁVILA'),
(84, '55 a 59', 5951, 6523, 12474, 'ÁVILA'),
(85, '60 a 64', 4989, 5736, 10725, 'ÁVILA'),
(86, '65 a 69', 4286, 4820, 9106, 'ÁVILA'),
(87, '70 a 74', 4318, 4310, 8628, 'ÁVILA'),
(88, '75 a 79', 3909, 3347, 7256, 'ÁVILA'),
(89, '80 a 84', 3768, 2999, 6767, 'ÁVILA'),
(90, '85 y más', 6099, 3692, 9791, 'ÁVILA'),
(91, '18 a 19', 6586, 6927, 13513, 'BADAJOZ'),
(92, '20 a 24', 16858, 17617, 34475, 'BADAJOZ'),
(93, '25 a 29', 18566, 19601, 38167, 'BADAJOZ'),
(94, '30 a 34', 18857, 20385, 39242, 'BADAJOZ'),
(95, '35 a 39', 21668, 22463, 44131, 'BADAJOZ'),
(96, '40 a 44', 24274, 24709, 48983, 'BADAJOZ'),
(97, '45 a 49', 24904, 25591, 50495, 'BADAJOZ'),
(98, '50 a 54', 26051, 26195, 52246, 'BADAJOZ'),
(99, '55 a 59', 24600, 25373, 49973, 'BADAJOZ'),
(100, '60 a 64', 19728, 20290, 40018, 'BADAJOZ'),
(101, '65 a 69', 16579, 16425, 33004, 'BADAJOZ'),
(102, '70 a 74', 16163, 14480, 30643, 'BADAJOZ'),
(103, '75 a 79', 13592, 10540, 24132, 'BADAJOZ'),
(104, '80 a 84', 12533, 8561, 21094, 'BADAJOZ'),
(105, '85 y más', 15499, 8338, 23837, 'BADAJOZ'),
(106, '18 a 19', 9463, 9956, 19419, 'ISLAS BALEARES'),
(107, '20 a 24', 22971, 24169, 47140, 'ISLAS BALEARES'),
(108, '25 a 29', 27313, 27892, 55205, 'ISLAS BALEARES'),
(109, '30 a 34', 29733, 30943, 60676, 'ISLAS BALEARES'),
(110, '35 a 39', 34866, 36366, 71232, 'ISLAS BALEARES'),
(111, '40 a 44', 39301, 41686, 80987, 'ISLAS BALEARES'),
(112, '45 a 49', 38644, 40683, 79327, 'ISLAS BALEARES'),
(113, '50 a 54', 35953, 36907, 72860, 'ISLAS BALEARES'),
(114, '55 a 59', 32325, 32137, 64462, 'ISLAS BALEARES'),
(115, '60 a 64', 28179, 27014, 55193, 'ISLAS BALEARES'),
(116, '65 a 69', 24050, 23000, 47050, 'ISLAS BALEARES'),
(117, '70 a 74', 21865, 19840, 41705, 'ISLAS BALEARES'),
(118, '75 a 79', 16452, 13707, 30159, 'ISLAS BALEARES'),
(119, '80 a 84', 13416, 9344, 22760, 'ISLAS BALEARES'),
(120, '85 y más', 17334, 8594, 25928, 'ISLAS BALEARES'),
(121, '18 a 19', 47424, 49929, 97353, 'BARCELONA'),
(122, '20 a 24', 107449, 114356, 221805, 'BARCELONA'),
(123, '25 a 29', 110426, 114627, 225053, 'BARCELONA'),
(124, '30 a 34', 121193, 122733, 243926, 'BARCELONA'),
(125, '35 a 39', 157533, 156227, 313760, 'BARCELONA'),
(126, '40 a 44', 203925, 204576, 408501, 'BARCELONA'),
(127, '45 a 49', 199882, 200587, 400469, 'BARCELONA'),
(128, '50 a 54', 189540, 186211, 375751, 'BARCELONA'),
(129, '55 a 59', 174382, 162935, 337317, 'BARCELONA'),
(130, '60 a 64', 160685, 144815, 305500, 'BARCELONA'),
(131, '65 a 69', 144857, 125660, 270517, 'BARCELONA'),
(132, '70 a 74', 140619, 116275, 256894, 'BARCELONA'),
(133, '75 a 79', 107783, 84761, 192544, 'BARCELONA'),
(134, '80 a 84', 92501, 62709, 155210, 'BARCELONA'),
(135, '85 y más', 127361, 61731, 189092, 'BARCELONA'),
(136, '18 a 19', 8751, 9372, 18123, 'BIZKAIA'),
(137, '20 a 24', 20420, 21466, 41886, 'BIZKAIA'),
(138, '25 a 29', 20823, 21846, 42669, 'BIZKAIA'),
(139, '30 a 34', 24806, 25419, 50225, 'BIZKAIA'),
(140, '35 a 39', 32691, 33374, 66065, 'BIZKAIA'),
(141, '40 a 44', 42966, 43509, 86475, 'BIZKAIA'),
(142, '45 a 49', 43313, 43976, 87289, 'BIZKAIA'),
(143, '50 a 54', 44013, 43291, 87304, 'BIZKAIA'),
(144, '55 a 59', 44321, 41832, 86153, 'BIZKAIA'),
(145, '60 a 64', 40699, 37686, 78385, 'BIZKAIA'),
(146, '65 a 69', 35294, 31522, 66816, 'BIZKAIA'),
(147, '70 a 74', 33790, 28028, 61818, 'BIZKAIA'),
(148, '75 a 79', 26480, 20287, 46767, 'BIZKAIA'),
(149, '80 a 84', 24131, 15646, 39777, 'BIZKAIA'),
(150, '85 y más', 34182, 15937, 50119, 'BIZKAIA'),
(151, '18 a 19', 2800, 3020, 5820, 'BURGOS'),
(152, '20 a 24', 6386, 6946, 13332, 'BURGOS'),
(153, '25 a 29', 6575, 7341, 13916, 'BURGOS'),
(154, '30 a 34', 7523, 8155, 15678, 'BURGOS'),
(155, '35 a 39', 9318, 10086, 19404, 'BURGOS'),
(156, '40 a 44', 12112, 12740, 24852, 'BURGOS'),
(157, '45 a 49', 12328, 13245, 25573, 'BURGOS'),
(158, '50 a 54', 13069, 13497, 26566, 'BURGOS'),
(159, '55 a 59', 12901, 13684, 26585, 'BURGOS'),
(160, '60 a 64', 11608, 12550, 24158, 'BURGOS'),
(161, '65 a 69', 9953, 10813, 20766, 'BURGOS'),
(162, '70 a 74', 9370, 9375, 18745, 'BURGOS'),
(163, '75 a 79', 7799, 6957, 14756, 'BURGOS'),
(164, '80 a 84', 7279, 5355, 12634, 'BURGOS'),
(165, '85 y más', 12416, 6426, 18842, 'BURGOS'),
(166, '18 a 19', 3598, 3803, 7401, 'CÁCERES'),
(167, '20 a 24', 8857, 9579, 18436, 'CÁCERES'),
(168, '25 a 29', 9556, 10297, 19853, 'CÁCERES'),
(169, '30 a 34', 10052, 11071, 21123, 'CÁCERES'),
(170, '35 a 39', 11739, 12534, 24273, 'CÁCERES'),
(171, '40 a 44', 13159, 13669, 26828, 'CÁCERES'),
(172, '45 a 49', 14049, 14483, 28532, 'CÁCERES'),
(173, '50 a 54', 15675, 15937, 31612, 'CÁCERES'),
(174, '55 a 59', 15442, 16505, 31947, 'CÁCERES'),
(175, '60 a 64', 12922, 13781, 26703, 'CÁCERES'),
(176, '65 a 69', 10533, 10895, 21428, 'CÁCERES'),
(177, '70 a 74', 10134, 9124, 19258, 'CÁCERES'),
(178, '75 a 79', 9137, 7383, 16520, 'CÁCERES'),
(179, '80 a 84', 8949, 6197, 15146, 'CÁCERES'),
(180, '85 y más', 12821, 7156, 19977, 'CÁCERES'),
(181, '18 a 19', 12357, 13491, 25848, 'CÁDIZ'),
(182, '20 a 24', 29670, 31626, 61296, 'CÁDIZ'),
(183, '25 a 29', 32479, 33974, 66453, 'CÁDIZ'),
(184, '30 a 34', 35723, 36535, 72258, 'CÁDIZ'),
(185, '35 a 39', 43574, 43636, 87210, 'CÁDIZ'),
(186, '40 a 44', 49816, 50093, 99909, 'CÁDIZ'),
(187, '45 a 49', 48689, 49349, 98038, 'CÁDIZ'),
(188, '50 a 54', 48347, 47694, 96041, 'CÁDIZ'),
(189, '55 a 59', 43025, 42072, 85097, 'CÁDIZ'),
(190, '60 a 64', 37605, 35837, 73442, 'CÁDIZ'),
(191, '65 a 69', 30845, 28865, 59710, 'CÁDIZ'),
(192, '70 a 74', 27770, 24441, 52211, 'CÁDIZ'),
(193, '75 a 79', 21840, 17196, 39036, 'CÁDIZ'),
(194, '80 a 84', 16713, 10929, 27642, 'CÁDIZ'),
(195, '85 y más', 18056, 9117, 27173, 'CÁDIZ'),
(196, '18 a 19', 4572, 4722, 9294, 'CANTABRIA'),
(197, '20 a 24', 10381, 11126, 21507, 'CANTABRIA'),
(198, '25 a 29', 11102, 11891, 22993, 'CANTABRIA'),
(199, '30 a 34', 13562, 13776, 27338, 'CANTABRIA'),
(200, '35 a 39', 18326, 18813, 37139, 'CANTABRIA'),
(201, '40 a 44', 22893, 23094, 45987, 'CANTABRIA'),
(202, '45 a 49', 22202, 22363, 44565, 'CANTABRIA'),
(203, '50 a 54', 21831, 21642, 43473, 'CANTABRIA'),
(204, '55 a 59', 21664, 20833, 42497, 'CANTABRIA'),
(205, '60 a 64', 20411, 19573, 39984, 'CANTABRIA'),
(206, '65 a 69', 17979, 16531, 34510, 'CANTABRIA'),
(207, '70 a 74', 15905, 13854, 29759, 'CANTABRIA'),
(208, '75 a 79', 11770, 9257, 21027, 'CANTABRIA'),
(209, '80 a 84', 10992, 7413, 18405, 'CANTABRIA'),
(210, '85 y más', 16657, 7765, 24422, 'CANTABRIA'),
(211, '18 a 19', 4704, 4848, 9552, 'CASTELLÓN'),
(212, '20 a 24', 11157, 11940, 23097, 'CASTELLÓN'),
(213, '25 a 29', 11388, 12037, 23425, 'CASTELLÓN'),
(214, '30 a 34', 12045, 12988, 25033, 'CASTELLÓN'),
(215, '35 a 39', 16000, 16859, 32859, 'CASTELLÓN'),
(216, '40 a 44', 20020, 21017, 41037, 'CASTELLÓN'),
(217, '45 a 49', 19380, 20450, 39830, 'CASTELLÓN'),
(218, '50 a 54', 19325, 20003, 39328, 'CASTELLÓN'),
(219, '55 a 59', 18027, 18171, 36198, 'CASTELLÓN'),
(220, '60 a 64', 15747, 15532, 31279, 'CASTELLÓN'),
(221, '65 a 69', 14324, 13418, 27742, 'CASTELLÓN'),
(222, '70 a 74', 13546, 12448, 25994, 'CASTELLÓN'),
(223, '75 a 79', 11163, 9151, 20314, 'CASTELLÓN'),
(224, '80 a 84', 9198, 6666, 15864, 'CASTELLÓN'),
(225, '85 y más', 12024, 6738, 18762, 'CASTELLÓN'),
(226, '18 a 19', 4556, 4823, 9379, 'CIUDAD REAL'),
(227, '20 a 24', 11972, 12679, 24651, 'CIUDAD REAL'),
(228, '25 a 29', 12620, 13707, 26327, 'CIUDAD REAL'),
(229, '30 a 34', 12685, 13630, 26315, 'CIUDAD REAL'),
(230, '35 a 39', 14645, 15847, 30492, 'CIUDAD REAL'),
(231, '40 a 44', 16561, 17365, 33926, 'CIUDAD REAL'),
(232, '45 a 49', 17529, 17378, 34907, 'CIUDAD REAL'),
(233, '50 a 54', 18399, 18995, 37394, 'CIUDAD REAL'),
(234, '55 a 59', 17946, 18174, 36120, 'CIUDAD REAL'),
(235, '60 a 64', 14684, 14502, 29186, 'CIUDAD REAL'),
(236, '65 a 69', 12440, 11836, 24276, 'CIUDAD REAL'),
(237, '70 a 74', 12087, 10255, 22342, 'CIUDAD REAL'),
(238, '75 a 79', 10170, 7934, 18104, 'CIUDAD REAL'),
(239, '80 a 84', 9855, 6431, 16286, 'CIUDAD REAL'),
(240, '85 y más', 12868, 7564, 20432, 'CIUDAD REAL'),
(241, '18 a 19', 7898, 8331, 16229, 'CÓRDOBA'),
(242, '20 a 24', 19420, 20936, 40356, 'CÓRDOBA'),
(243, '25 a 29', 21566, 22972, 44538, 'CÓRDOBA'),
(244, '30 a 34', 21644, 22968, 44612, 'CÓRDOBA'),
(245, '35 a 39', 24831, 25914, 50745, 'CÓRDOBA'),
(246, '40 a 44', 28214, 28782, 56996, 'CÓRDOBA'),
(247, '45 a 49', 28651, 28387, 57038, 'CÓRDOBA'),
(248, '50 a 54', 30756, 30318, 61074, 'CÓRDOBA'),
(249, '55 a 59', 28942, 28292, 57234, 'CÓRDOBA'),
(250, '60 a 64', 24755, 23685, 48440, 'CÓRDOBA'),
(251, '65 a 69', 19526, 18275, 37801, 'CÓRDOBA'),
(252, '70 a 74', 19024, 15842, 34866, 'CÓRDOBA'),
(253, '75 a 79', 16108, 12165, 28273, 'CÓRDOBA'),
(254, '80 a 84', 14299, 9413, 23712, 'CÓRDOBA'),
(255, '85 y más', 18933, 9813, 28746, 'CÓRDOBA'),
(256, '18 a 19', 8385, 8718, 17103, 'A CORUÑA'),
(257, '20 a 24', 20018, 21050, 41068, 'A CORUÑA'),
(258, '25 a 29', 22760, 23672, 46432, 'A CORUÑA'),
(259, '30 a 34', 27075, 27572, 54647, 'A CORUÑA'),
(260, '35 a 39', 37196, 37417, 74613, 'A CORUÑA'),
(261, '40 a 44', 45994, 45423, 91417, 'A CORUÑA'),
(262, '45 a 49', 44515, 43463, 87978, 'A CORUÑA'),
(263, '50 a 54', 43407, 40817, 84224, 'A CORUÑA'),
(264, '55 a 59', 40897, 38735, 79632, 'A CORUÑA'),
(265, '60 a 64', 38535, 35408, 73943, 'A CORUÑA'),
(266, '65 a 69', 35458, 31677, 67135, 'A CORUÑA'),
(267, '70 a 74', 35597, 29784, 65381, 'A CORUÑA'),
(268, '75 a 79', 28636, 22368, 51004, 'A CORUÑA'),
(269, '80 a 84', 25919, 17326, 43245, 'A CORUÑA'),
(270, '85 y más', 34488, 16871, 51359, 'A CORUÑA'),
(271, '18 a 19', 1621, 1771, 3392, 'CUENCA'),
(272, '20 a 24', 4225, 4365, 8590, 'CUENCA'),
(273, '25 a 29', 4307, 4854, 9161, 'CUENCA'),
(274, '30 a 34', 4126, 4678, 8804, 'CUENCA'),
(275, '35 a 39', 4756, 5355, 10111, 'CUENCA'),
(276, '40 a 44', 5676, 6207, 11883, 'CUENCA'),
(277, '45 a 49', 6214, 6575, 12789, 'CUENCA'),
(278, '50 a 54', 6950, 7500, 14450, 'CUENCA'),
(279, '55 a 59', 7077, 7730, 14807, 'CUENCA'),
(280, '60 a 64', 5517, 6097, 11614, 'CUENCA'),
(281, '65 a 69', 4829, 4946, 9775, 'CUENCA'),
(282, '70 a 74', 4591, 4361, 8952, 'CUENCA'),
(283, '75 a 79', 4825, 3847, 8672, 'CUENCA'),
(284, '80 a 84', 4567, 3490, 8057, 'CUENCA'),
(285, '85 y más', 6552, 4322, 10874, 'CUENCA'),
(286, '18 a 19', 5952, 6408, 12360, 'GIPUZKOA'),
(287, '20 a 24', 14025, 14926, 28951, 'GIPUZKOA'),
(288, '25 a 29', 13005, 13915, 26920, 'GIPUZKOA'),
(289, '30 a 34', 14689, 15301, 29990, 'GIPUZKOA'),
(290, '35 a 39', 19514, 19877, 39391, 'GIPUZKOA'),
(291, '40 a 44', 26070, 26828, 52898, 'GIPUZKOA'),
(292, '45 a 49', 26363, 27558, 53921, 'GIPUZKOA'),
(293, '50 a 54', 26327, 26501, 52828, 'GIPUZKOA'),
(294, '55 a 59', 25689, 24905, 50594, 'GIPUZKOA'),
(295, '60 a 64', 23552, 22607, 46159, 'GIPUZKOA'),
(296, '65 a 69', 21575, 19784, 41359, 'GIPUZKOA'),
(297, '70 a 74', 21214, 18583, 39797, 'GIPUZKOA'),
(298, '75 a 79', 15944, 12834, 28778, 'GIPUZKOA'),
(299, '80 a 84', 14150, 9485, 23635, 'GIPUZKOA'),
(300, '85 y más', 19687, 8941, 28628, 'GIPUZKOA'),
(301, '18 a 19', 6050, 6475, 12525, 'GIRONA'),
(302, '20 a 24', 14016, 15061, 29077, 'GIRONA'),
(303, '25 a 29', 14120, 14956, 29076, 'GIRONA'),
(304, '30 a 34', 14960, 15527, 30487, 'GIRONA'),
(305, '35 a 39', 19744, 19887, 39631, 'GIRONA'),
(306, '40 a 44', 24544, 25476, 50020, 'GIRONA'),
(307, '45 a 49', 24012, 25113, 49125, 'GIRONA'),
(308, '50 a 54', 23558, 24194, 47752, 'GIRONA'),
(309, '55 a 59', 22460, 22582, 45042, 'GIRONA'),
(310, '60 a 64', 20258, 20044, 40302, 'GIRONA'),
(311, '65 a 69', 17624, 17152, 34776, 'GIRONA'),
(312, '70 a 74', 15998, 14818, 30816, 'GIRONA'),
(313, '75 a 79', 12085, 10362, 22447, 'GIRONA'),
(314, '80 a 84', 10726, 7497, 18223, 'GIRONA'),
(315, '85 y más', 15664, 8178, 23842, 'GIRONA'),
(316, '18 a 19', 9054, 9435, 18489, 'GRANADA'),
(317, '20 a 24', 22456, 23559, 46015, 'GRANADA'),
(318, '25 a 29', 24176, 25302, 49478, 'GRANADA'),
(319, '30 a 34', 24735, 25508, 50243, 'GRANADA'),
(320, '35 a 39', 29287, 29841, 59128, 'GRANADA'),
(321, '40 a 44', 32782, 33697, 66479, 'GRANADA'),
(322, '45 a 49', 32840, 32937, 65777, 'GRANADA'),
(323, '50 a 54', 34800, 34109, 68909, 'GRANADA'),
(324, '55 a 59', 31969, 30929, 62898, 'GRANADA'),
(325, '60 a 64', 27132, 25990, 53122, 'GRANADA'),
(326, '65 a 69', 22176, 20281, 42457, 'GRANADA'),
(327, '70 a 74', 20616, 17524, 38140, 'GRANADA'),
(328, '75 a 79', 16979, 13200, 30179, 'GRANADA'),
(329, '80 a 84', 14792, 10031, 24823, 'GRANADA'),
(330, '85 y más', 17638, 9723, 27361, 'GRANADA'),
(331, '18 a 19', 2244, 2455, 4699, 'GUADALAJARA'),
(332, '20 a 24', 4999, 5290, 10289, 'GUADALAJARA'),
(333, '25 a 29', 4973, 5392, 10365, 'GUADALAJARA'),
(334, '30 a 34', 5611, 6100, 11711, 'GUADALAJARA'),
(335, '35 a 39', 8015, 8237, 16252, 'GUADALAJARA'),
(336, '40 a 44', 9916, 10432, 20348, 'GUADALAJARA'),
(337, '45 a 49', 9157, 10102, 19259, 'GUADALAJARA'),
(338, '50 a 54', 8754, 9585, 18339, 'GUADALAJARA'),
(339, '55 a 59', 7754, 8498, 16252, 'GUADALAJARA'),
(340, '60 a 64', 6373, 6956, 13329, 'GUADALAJARA'),
(341, '65 a 69', 5102, 5206, 10308, 'GUADALAJARA'),
(342, '70 a 74', 4344, 4515, 8859, 'GUADALAJARA'),
(343, '75 a 79', 3481, 3201, 6682, 'GUADALAJARA'),
(344, '80 a 84', 3437, 2570, 6007, 'GUADALAJARA'),
(345, '85 y más', 5800, 3588, 9388, 'GUADALAJARA'),
(346, '18 a 19', 4900, 5107, 10007, 'HUELVA'),
(347, '20 a 24', 11884, 12585, 24469, 'HUELVA'),
(348, '25 a 29', 12952, 13795, 26747, 'HUELVA'),
(349, '30 a 34', 13986, 14576, 28562, 'HUELVA'),
(350, '35 a 39', 17145, 17319, 34464, 'HUELVA'),
(351, '40 a 44', 19598, 20398, 39996, 'HUELVA'),
(352, '45 a 49', 18968, 19651, 38619, 'HUELVA'),
(353, '50 a 54', 18560, 19035, 37595, 'HUELVA'),
(354, '55 a 59', 16765, 16716, 33481, 'HUELVA'),
(355, '60 a 64', 14468, 14343, 28811, 'HUELVA'),
(356, '65 a 69', 11896, 11612, 23508, 'HUELVA'),
(357, '70 a 74', 11506, 10255, 21761, 'HUELVA'),
(358, '75 a 79', 9178, 7364, 16542, 'HUELVA'),
(359, '80 a 84', 7399, 4870, 12269, 'HUELVA'),
(360, '85 y más', 8855, 4487, 13342, 'HUELVA'),
(361, '18 a 19', 1713, 1800, 3513, 'HUESCA'),
(362, '20 a 24', 4053, 4490, 8543, 'HUESCA'),
(363, '25 a 29', 3990, 4554, 8544, 'HUESCA'),
(364, '30 a 34', 4360, 5036, 9396, 'HUESCA'),
(365, '35 a 39', 5592, 6207, 11799, 'HUESCA'),
(366, '40 a 44', 6918, 7519, 14437, 'HUESCA'),
(367, '45 a 49', 7124, 7647, 14771, 'HUESCA'),
(368, '50 a 54', 7307, 7853, 15160, 'HUESCA'),
(369, '55 a 59', 7457, 7922, 15379, 'HUESCA'),
(370, '60 a 64', 6743, 7131, 13874, 'HUESCA'),
(371, '65 a 69', 5664, 5863, 11527, 'HUESCA'),
(372, '70 a 74', 5473, 5295, 10768, 'HUESCA'),
(373, '75 a 79', 4394, 3721, 8115, 'HUESCA'),
(374, '80 a 84', 4415, 3488, 7903, 'HUESCA'),
(375, '85 y más', 7207, 4217, 11424, 'HUESCA'),
(376, '18 a 19', 6614, 7161, 13775, 'JAÉN'),
(377, '20 a 24', 17102, 18207, 35309, 'JAÉN'),
(378, '25 a 29', 18564, 20060, 38624, 'JAÉN'),
(379, '30 a 34', 17591, 18820, 36411, 'JAÉN'),
(380, '35 a 39', 19377, 20534, 39911, 'JAÉN'),
(381, '40 a 44', 21418, 22394, 43812, 'JAÉN'),
(382, '45 a 49', 22445, 23338, 45783, 'JAÉN'),
(383, '50 a 54', 25148, 25061, 50209, 'JAÉN'),
(384, '55 a 59', 23959, 23894, 47853, 'JAÉN'),
(385, '60 a 64', 19495, 19495, 38990, 'JAÉN'),
(386, '65 a 69', 15478, 14630, 30108, 'JAÉN'),
(387, '70 a 74', 14621, 12170, 26791, 'JAÉN'),
(388, '75 a 79', 13157, 9533, 22690, 'JAÉN'),
(389, '80 a 84', 12429, 8356, 20785, 'JAÉN'),
(390, '85 y más', 14837, 8419, 23256, 'JAÉN'),
(391, '18 a 19', 3320, 3454, 6774, 'LEÓN'),
(392, '20 a 24', 8060, 8748, 16808, 'LEÓN'),
(393, '25 a 29', 8716, 9606, 18322, 'LEÓN'),
(394, '30 a 34', 10319, 11078, 21397, 'LEÓN'),
(395, '35 a 39', 13173, 13826, 26999, 'LEÓN'),
(396, '40 a 44', 15651, 15626, 31277, 'LEÓN'),
(397, '45 a 49', 16436, 16649, 33085, 'LEÓN'),
(398, '50 a 54', 17881, 17712, 35593, 'LEÓN'),
(399, '55 a 59', 18469, 18400, 36869, 'LEÓN'),
(400, '60 a 64', 16594, 16986, 33580, 'LEÓN'),
(401, '65 a 69', 14171, 14012, 28183, 'LEÓN'),
(402, '70 a 74', 13627, 11975, 25602, 'LEÓN'),
(403, '75 a 79', 11948, 9668, 21616, 'LEÓN'),
(404, '80 a 84', 12433, 8335, 20768, 'LEÓN'),
(405, '85 y más', 19361, 10606, 29967, 'LEÓN'),
(406, '18 a 19', 3332, 3575, 6907, 'LLEIDA'),
(407, '20 a 24', 7881, 8405, 16286, 'LLEIDA'),
(408, '25 a 29', 7967, 8701, 16668, 'LLEIDA'),
(409, '30 a 34', 8331, 9004, 17335, 'LLEIDA'),
(410, '35 a 39', 10561, 11120, 21681, 'LLEIDA'),
(411, '40 a 44', 13490, 14333, 27823, 'LLEIDA'),
(412, '45 a 49', 13263, 14055, 27318, 'LLEIDA'),
(413, '50 a 54', 13387, 14409, 27796, 'LLEIDA'),
(414, '55 a 59', 13668, 13980, 27648, 'LLEIDA'),
(415, '60 a 64', 11740, 12226, 23966, 'LLEIDA'),
(416, '65 a 69', 10457, 10307, 20764, 'LLEIDA'),
(417, '70 a 74', 9897, 8983, 18880, 'LLEIDA'),
(418, '75 a 79', 7900, 6471, 14371, 'LLEIDA'),
(419, '80 a 84', 7382, 5292, 12674, 'LLEIDA'),
(420, '85 y más', 11279, 6450, 17729, 'LLEIDA'),
(421, '18 a 19', 2133, 2169, 4302, 'LUGO'),
(422, '20 a 24', 5337, 5530, 10867, 'LUGO'),
(423, '25 a 29', 6429, 6732, 13161, 'LUGO'),
(424, '30 a 34', 7701, 7939, 15640, 'LUGO'),
(425, '35 a 39', 9793, 9960, 19753, 'LUGO'),
(426, '40 a 44', 11407, 11398, 22805, 'LUGO'),
(427, '45 a 49', 11510, 11236, 22746, 'LUGO'),
(428, '50 a 54', 12287, 11973, 24260, 'LUGO'),
(429, '55 a 59', 12339, 12449, 24788, 'LUGO'),
(430, '60 a 64', 11384, 11623, 23007, 'LUGO'),
(431, '65 a 69', 10155, 10351, 20506, 'LUGO'),
(432, '70 a 74', 10182, 9237, 19419, 'LUGO'),
(433, '75 a 79', 9705, 7756, 17461, 'LUGO'),
(434, '80 a 84', 9672, 7018, 16690, 'LUGO'),
(435, '85 y más', 14593, 8293, 22886, 'LUGO'),
(436, '18 a 19', 55105, 57804, 112909, 'MADRID'),
(437, '20 a 24', 129477, 135048, 264525, 'MADRID'),
(438, '25 a 29', 142945, 145327, 288272, 'MADRID'),
(439, '30 a 34', 160466, 160944, 321410, 'MADRID'),
(440, '35 a 39', 202491, 198289, 400780, 'MADRID'),
(441, '40 a 44', 251554, 243949, 495503, 'MADRID'),
(442, '45 a 49', 246178, 237565, 483743, 'MADRID'),
(443, '50 a 54', 233312, 219373, 452685, 'MADRID'),
(444, '55 a 59', 212985, 193835, 406820, 'MADRID'),
(445, '60 a 64', 187209, 161874, 349083, 'MADRID'),
(446, '65 a 69', 164817, 137787, 302604, 'MADRID'),
(447, '70 a 74', 157350, 126402, 283752, 'MADRID'),
(448, '75 a 79', 121158, 92690, 213848, 'MADRID'),
(449, '80 a 84', 101448, 66086, 167534, 'MADRID'),
(450, '85 y más', 138620, 66590, 205210, 'MADRID'),
(451, '18 a 19', 14485, 15469, 29954, 'MÁLAGA'),
(452, '20 a 24', 34158, 35769, 69927, 'MÁLAGA'),
(453, '25 a 29', 37183, 38683, 75866, 'MÁLAGA'),
(454, '30 a 34', 41830, 41998, 83828, 'MÁLAGA'),
(455, '35 a 39', 51825, 51970, 103795, 'MÁLAGA'),
(456, '40 a 44', 58983, 59728, 118711, 'MÁLAGA'),
(457, '45 a 49', 58105, 57906, 116011, 'MÁLAGA'),
(458, '50 a 54', 56581, 54903, 111484, 'MÁLAGA'),
(459, '55 a 59', 50730, 48303, 99033, 'MÁLAGA'),
(460, '60 a 64', 43137, 40305, 83442, 'MÁLAGA'),
(461, '65 a 69', 35839, 32829, 68668, 'MÁLAGA'),
(462, '70 a 74', 33600, 29531, 63131, 'MÁLAGA'),
(463, '75 a 79', 25778, 20338, 46116, 'MÁLAGA'),
(464, '80 a 84', 21006, 13769, 34775, 'MÁLAGA'),
(465, '85 y más', 22312, 11330, 33642, 'MÁLAGA'),
(466, '18 a 19', 14026, 14659, 28685, 'MURCIA'),
(467, '20 a 24', 33125, 34939, 68064, 'MURCIA'),
(468, '25 a 29', 34399, 36267, 70666, 'MURCIA'),
(469, '30 a 34', 36233, 37599, 73832, 'MURCIA'),
(470, '35 a 39', 45343, 46558, 91901, 'MURCIA'),
(471, '40 a 44', 52284, 54130, 106414, 'MURCIA'),
(472, '45 a 49', 50927, 51801, 102728, 'MURCIA'),
(473, '50 a 54', 49957, 49759, 99716, 'MURCIA'),
(474, '55 a 59', 43878, 42637, 86515, 'MURCIA'),
(475, '60 a 64', 36973, 34833, 71806, 'MURCIA'),
(476, '65 a 69', 30951, 28303, 59254, 'MURCIA'),
(477, '70 a 74', 28724, 24457, 53181, 'MURCIA'),
(478, '75 a 79', 22454, 17581, 40035, 'MURCIA'),
(479, '80 a 84', 20587, 14183, 34770, 'MURCIA'),
(480, '85 y más', 23824, 13178, 37002, 'MURCIA'),
(481, '18 a 19', 5788, 6203, 11991, 'NAVARRA'),
(482, '20 a 24', 13947, 14492, 28439, 'NAVARRA'),
(483, '25 a 29', 12849, 13828, 26677, 'NAVARRA'),
(484, '30 a 34', 14097, 14487, 28584, 'NAVARRA'),
(485, '35 a 39', 18532, 18930, 37462, 'NAVARRA'),
(486, '40 a 44', 23469, 23975, 47444, 'NAVARRA'),
(487, '45 a 49', 23425, 24222, 47647, 'NAVARRA'),
(488, '50 a 54', 22724, 23318, 46042, 'NAVARRA'),
(489, '55 a 59', 21289, 21571, 42860, 'NAVARRA'),
(490, '60 a 64', 18798, 18789, 37587, 'NAVARRA'),
(491, '65 a 69', 16582, 16088, 32670, 'NAVARRA'),
(492, '70 a 74', 16067, 14568, 30635, 'NAVARRA'),
(493, '75 a 79', 12493, 10687, 23180, 'NAVARRA'),
(494, '80 a 84', 10682, 7682, 18364, 'NAVARRA'),
(495, '85 y más', 16078, 8058, 24136, 'NAVARRA'),
(496, '18 a 19', 1946, 2051, 3997, 'OURENSE'),
(497, '20 a 24', 5107, 5457, 10564, 'OURENSE'),
(498, '25 a 29', 5958, 6381, 12339, 'OURENSE'),
(499, '30 a 34', 6689, 6940, 13629, 'OURENSE'),
(500, '35 a 39', 8506, 8835, 17341, 'OURENSE'),
(501, '40 a 44', 10407, 10420, 20827, 'OURENSE'),
(502, '45 a 49', 10304, 10319, 20623, 'OURENSE'),
(503, '50 a 54', 11006, 10674, 21680, 'OURENSE'),
(504, '55 a 59', 11284, 10778, 22062, 'OURENSE'),
(505, '60 a 64', 10311, 10128, 20439, 'OURENSE'),
(506, '65 a 69', 10419, 9644, 20063, 'OURENSE'),
(507, '70 a 74', 10883, 9817, 20700, 'OURENSE'),
(508, '75 a 79', 9967, 8012, 17979, 'OURENSE'),
(509, '80 a 84', 9386, 6681, 16067, 'OURENSE'),
(510, '85 y más', 14367, 7836, 22203, 'OURENSE'),
(511, '18 a 19', 1193, 1214, 2407, 'PALENCIA'),
(512, '20 a 24', 3064, 3230, 6294, 'PALENCIA'),
(513, '25 a 29', 3243, 3572, 6815, 'PALENCIA'),
(514, '30 a 34', 3679, 4083, 7762, 'PALENCIA'),
(515, '35 a 39', 4511, 4890, 9401, 'PALENCIA'),
(516, '40 a 44', 5263, 5517, 10780, 'PALENCIA'),
(517, '45 a 49', 5377, 5725, 11102, 'PALENCIA'),
(518, '50 a 54', 6117, 6402, 12519, 'PALENCIA'),
(519, '55 a 59', 6550, 6750, 13300, 'PALENCIA'),
(520, '60 a 64', 6072, 6490, 12562, 'PALENCIA'),
(521, '65 a 69', 5010, 5351, 10361, 'PALENCIA'),
(522, '70 a 74', 4356, 4351, 8707, 'PALENCIA'),
(523, '75 a 79', 3785, 3313, 7098, 'PALENCIA'),
(524, '80 a 84', 3552, 2420, 5972, 'PALENCIA'),
(525, '85 y más', 6314, 3002, 9316, 'PALENCIA'),
(526, '18 a 19', 10567, 11269, 21836, 'LAS PALMAS'),
(527, '20 a 24', 26099, 26468, 52567, 'LAS PALMAS'),
(528, '25 a 29', 28179, 29327, 57506, 'LAS PALMAS'),
(529, '30 a 34', 30906, 31230, 62136, 'LAS PALMAS'),
(530, '35 a 39', 36405, 36834, 73239, 'LAS PALMAS'),
(531, '40 a 44', 41472, 43099, 84571, 'LAS PALMAS'),
(532, '45 a 49', 45634, 47225, 92859, 'LAS PALMAS'),
(533, '50 a 54', 42701, 44084, 86785, 'LAS PALMAS'),
(534, '55 a 59', 36765, 37434, 74199, 'LAS PALMAS'),
(535, '60 a 64', 28870, 28798, 57668, 'LAS PALMAS'),
(536, '65 a 69', 24356, 23134, 47490, 'LAS PALMAS'),
(537, '70 a 74', 20560, 18460, 39020, 'LAS PALMAS'),
(538, '75 a 79', 15326, 12751, 28077, 'LAS PALMAS'),
(539, '80 a 84', 12359, 8747, 21106, 'LAS PALMAS'),
(540, '85 y más', 13902, 7443, 21345, 'LAS PALMAS'),
(541, '18 a 19', 7659, 8262, 15921, 'PONTEVEDRA'),
(542, '20 a 24', 18439, 19601, 38040, 'PONTEVEDRA'),
(543, '25 a 29', 20744, 21882, 42626, 'PONTEVEDRA'),
(544, '30 a 34', 23585, 24219, 47804, 'PONTEVEDRA'),
(545, '35 a 39', 32054, 32346, 64400, 'PONTEVEDRA'),
(546, '40 a 44', 40112, 40075, 80187, 'PONTEVEDRA'),
(547, '45 a 49', 37884, 37454, 75338, 'PONTEVEDRA'),
(548, '50 a 54', 35643, 34859, 70502, 'PONTEVEDRA'),
(549, '55 a 59', 33362, 31043, 64405, 'PONTEVEDRA'),
(550, '60 a 64', 31466, 28181, 59647, 'PONTEVEDRA'),
(551, '65 a 69', 28299, 25381, 53680, 'PONTEVEDRA'),
(552, '70 a 74', 28095, 23791, 51886, 'PONTEVEDRA'),
(553, '75 a 79', 21582, 16674, 38256, 'PONTEVEDRA'),
(554, '80 a 84', 19570, 12501, 32071, 'PONTEVEDRA'),
(555, '85 y más', 25818, 12050, 37868, 'PONTEVEDRA'),
(556, '18 a 19', 2388, 2647, 5035, 'LA RIOJA'),
(557, '20 a 24', 6074, 6066, 12140, 'LA RIOJA'),
(558, '25 a 29', 5847, 6160, 12007, 'LA RIOJA'),
(559, '30 a 34', 6502, 6819, 13321, 'LA RIOJA'),
(560, '35 a 39', 8704, 9065, 17769, 'LA RIOJA'),
(561, '40 a 44', 11184, 11505, 22689, 'LA RIOJA'),
(562, '45 a 49', 10723, 11296, 22019, 'LA RIOJA'),
(563, '50 a 54', 10961, 10756, 21717, 'LA RIOJA'),
(564, '55 a 59', 10663, 10821, 21484, 'LA RIOJA'),
(565, '60 a 64', 9529, 9489, 19018, 'LA RIOJA'),
(566, '65 a 69', 8082, 8148, 16230, 'LA RIOJA'),
(567, '70 a 74', 7825, 7245, 15070, 'LA RIOJA'),
(568, '75 a 79', 6401, 5547, 11948, 'LA RIOJA'),
(569, '80 a 84', 5693, 4029, 9722, 'LA RIOJA'),
(570, '85 y más', 8782, 4676, 13458, 'LA RIOJA'),
(571, '18 a 19', 2576, 2793, 5369, 'SALAMANCA'),
(572, '20 a 24', 6599, 6820, 13419, 'SALAMANCA'),
(573, '25 a 29', 7041, 7331, 14372, 'SALAMANCA'),
(574, '30 a 34', 7384, 8061, 15445, 'SALAMANCA'),
(575, '35 a 39', 9210, 9472, 18682, 'SALAMANCA'),
(576, '40 a 44', 10783, 10881, 21664, 'SALAMANCA'),
(577, '45 a 49', 12071, 11811, 23882, 'SALAMANCA'),
(578, '50 a 54', 13024, 12677, 25701, 'SALAMANCA'),
(579, '55 a 59', 12694, 12873, 25567, 'SALAMANCA'),
(580, '60 a 64', 11321, 11285, 22606, 'SALAMANCA'),
(581, '65 a 69', 9822, 9445, 19267, 'SALAMANCA'),
(582, '70 a 74', 9908, 8592, 18500, 'SALAMANCA'),
(583, '75 a 79', 8684, 7309, 15993, 'SALAMANCA'),
(584, '80 a 84', 8336, 6095, 14431, 'SALAMANCA'),
(585, '85 y más', 13209, 7500, 20709, 'SALAMANCA'),
(586, '18 a 19', 9081, 9794, 18875, 'SANTA CRUZ DE TENERIFE'),
(587, '20 a 24', 22516, 23442, 45958, 'SANTA CRUZ DE TENERIFE'),
(588, '25 a 29', 24984, 25744, 50728, 'SANTA CRUZ DE TENERIFE'),
(589, '30 a 34', 27454, 27386, 54840, 'SANTA CRUZ DE TENERIFE'),
(590, '35 a 39', 33577, 33613, 67190, 'SANTA CRUZ DE TENERIFE'),
(591, '40 a 44', 38529, 39412, 77941, 'SANTA CRUZ DE TENERIFE'),
(592, '45 a 49', 39753, 40714, 80467, 'SANTA CRUZ DE TENERIFE'),
(593, '50 a 54', 38341, 37810, 76151, 'SANTA CRUZ DE TENERIFE'),
(594, '55 a 59', 33944, 33137, 67081, 'SANTA CRUZ DE TENERIFE'),
(595, '60 a 64', 27860, 26426, 54286, 'SANTA CRUZ DE TENERIFE'),
(596, '65 a 69', 22947, 21433, 44380, 'SANTA CRUZ DE TENERIFE'),
(597, '70 a 74', 20411, 17945, 38356, 'SANTA CRUZ DE TENERIFE'),
(598, '75 a 79', 16786, 13179, 29965, 'SANTA CRUZ DE TENERIFE'),
(599, '80 a 84', 13610, 8965, 22575, 'SANTA CRUZ DE TENERIFE'),
(600, '85 y más', 15569, 7981, 23550, 'SANTA CRUZ DE TENERIFE'),
(601, '18 a 19', 1262, 1242, 2504, 'SEGOVIA'),
(602, '20 a 24', 2999, 3361, 6360, 'SEGOVIA'),
(603, '25 a 29', 2836, 3345, 6181, 'SEGOVIA'),
(604, '30 a 34', 2935, 3389, 6324, 'SEGOVIA'),
(605, '35 a 39', 3704, 4088, 7792, 'SEGOVIA'),
(606, '40 a 44', 4727, 4900, 9627, 'SEGOVIA'),
(607, '45 a 49', 4935, 5421, 10356, 'SEGOVIA'),
(608, '50 a 54', 5569, 5845, 11414, 'SEGOVIA'),
(609, '55 a 59', 5316, 5950, 11266, 'SEGOVIA'),
(610, '60 a 64', 4549, 5064, 9613, 'SEGOVIA'),
(611, '65 a 69', 3621, 4082, 7703, 'SEGOVIA'),
(612, '70 a 74', 3541, 3507, 7048, 'SEGOVIA'),
(613, '75 a 79', 3264, 2686, 5950, 'SEGOVIA'),
(614, '80 a 84', 3304, 2438, 5742, 'SEGOVIA'),
(615, '85 y más', 5407, 3032, 8439, 'SEGOVIA'),
(616, '18 a 19', 19379, 20749, 40128, 'SEVILLA'),
(617, '20 a 24', 46641, 48907, 95548, 'SEVILLA'),
(618, '25 a 29', 50093, 52900, 102993, 'SEVILLA'),
(619, '30 a 34', 54348, 54825, 109173, 'SEVILLA'),
(620, '35 a 39', 68353, 68808, 137161, 'SEVILLA'),
(621, '40 a 44', 80574, 80787, 161361, 'SEVILLA'),
(622, '45 a 49', 76958, 76923, 153881, 'SEVILLA'),
(623, '50 a 54', 74929, 73180, 148109, 'SEVILLA'),
(624, '55 a 59', 65544, 62955, 128499, 'SEVILLA'),
(625, '60 a 64', 55558, 51537, 107095, 'SEVILLA'),
(626, '65 a 69', 46999, 42281, 89280, 'SEVILLA'),
(627, '70 a 74', 44619, 37387, 82006, 'SEVILLA'),
(628, '75 a 79', 35541, 27031, 62572, 'SEVILLA'),
(629, '80 a 84', 27923, 17408, 45331, 'SEVILLA'),
(630, '85 y más', 31744, 14709, 46453, 'SEVILLA'),
(631, '18 a 19', 685, 759, 1444, 'SORIA'),
(632, '20 a 24', 1677, 1802, 3479, 'SORIA'),
(633, '25 a 29', 1669, 1815, 3484, 'SORIA'),
(634, '30 a 34', 1810, 1984, 3794, 'SORIA'),
(635, '35 a 39', 2165, 2321, 4486, 'SORIA'),
(636, '40 a 44', 2679, 2747, 5426, 'SORIA'),
(637, '45 a 49', 2782, 3087, 5869, 'SORIA'),
(638, '50 a 54', 3169, 3464, 6633, 'SORIA'),
(639, '55 a 59', 3132, 3612, 6744, 'SORIA'),
(640, '60 a 64', 2640, 3047, 5687, 'SORIA'),
(641, '65 a 69', 2316, 2547, 4863, 'SORIA'),
(642, '70 a 74', 2108, 2253, 4361, 'SORIA'),
(643, '75 a 79', 2035, 1889, 3924, 'SORIA'),
(644, '80 a 84', 2121, 1597, 3718, 'SORIA'),
(645, '85 y más', 3790, 2295, 6085, 'SORIA'),
(646, '18 a 19', 6783, 6936, 13719, 'TARRAGONA'),
(647, '20 a 24', 14951, 15887, 30838, 'TARRAGONA'),
(648, '25 a 29', 14929, 15674, 30603, 'TARRAGONA'),
(649, '30 a 34', 16558, 17098, 33656, 'TARRAGONA'),
(650, '35 a 39', 21764, 22547, 44311, 'TARRAGONA'),
(651, '40 a 44', 27479, 28745, 56224, 'TARRAGONA'),
(652, '45 a 49', 26150, 27615, 53765, 'TARRAGONA'),
(653, '50 a 54', 25270, 26059, 51329, 'TARRAGONA'),
(654, '55 a 59', 24232, 23797, 48029, 'TARRAGONA'),
(655, '60 a 64', 22024, 21336, 43360, 'TARRAGONA'),
(656, '65 a 69', 19952, 19066, 39018, 'TARRAGONA'),
(657, '70 a 74', 18749, 17163, 35912, 'TARRAGONA'),
(658, '75 a 79', 14069, 12217, 26286, 'TARRAGONA'),
(659, '80 a 84', 11827, 8860, 20687, 'TARRAGONA'),
(660, '85 y más', 16825, 9052, 25877, 'TARRAGONA'),
(661, '18 a 19', 1044, 1112, 2156, 'TERUEL'),
(662, '20 a 24', 2574, 2738, 5312, 'TERUEL'),
(663, '25 a 29', 2749, 2964, 5713, 'TERUEL'),
(664, '30 a 34', 2856, 3246, 6102, 'TERUEL'),
(665, '35 a 39', 3225, 3702, 6927, 'TERUEL'),
(666, '40 a 44', 3736, 4202, 7938, 'TERUEL'),
(667, '45 a 49', 4063, 4395, 8458, 'TERUEL'),
(668, '50 a 54', 4674, 4945, 9619, 'TERUEL'),
(669, '55 a 59', 4658, 5144, 9802, 'TERUEL'),
(670, '60 a 64', 3913, 4532, 8445, 'TERUEL'),
(671, '65 a 69', 3389, 3712, 7101, 'TERUEL'),
(672, '70 a 74', 3234, 3185, 6419, 'TERUEL'),
(673, '75 a 79', 2846, 2442, 5288, 'TERUEL'),
(674, '80 a 84', 3027, 2318, 5345, 'TERUEL'),
(675, '85 y más', 4960, 3324, 8284, 'TERUEL'),
(676, '18 a 19', 6243, 6819, 13062, 'TOLEDO'),
(677, '20 a 24', 14841, 15986, 30827, 'TOLEDO'),
(678, '25 a 29', 14991, 16515, 31506, 'TOLEDO'),
(679, '30 a 34', 16940, 17960, 34900, 'TOLEDO'),
(680, '35 a 39', 21612, 23300, 44912, 'TOLEDO'),
(681, '40 a 44', 25391, 27368, 52759, 'TOLEDO'),
(682, '45 a 49', 24413, 25796, 50209, 'TOLEDO'),
(683, '50 a 54', 23511, 24610, 48121, 'TOLEDO'),
(684, '55 a 59', 21711, 22621, 44332, 'TOLEDO'),
(685, '60 a 64', 18160, 19033, 37193, 'TOLEDO'),
(686, '65 a 69', 15109, 15561, 30670, 'TOLEDO'),
(687, '70 a 74', 14291, 13341, 27632, 'TOLEDO'),
(688, '75 a 79', 11976, 9958, 21934, 'TOLEDO'),
(689, '80 a 84', 10954, 8174, 19128, 'TOLEDO'),
(690, '85 y más', 16066, 9618, 25684, 'TOLEDO'),
(691, '18 a 19', 22314, 23377, 45691, 'VALENCIA'),
(692, '20 a 24', 51394, 54573, 105967, 'VALENCIA'),
(693, '25 a 29', 53975, 56950, 110925, 'VALENCIA'),
(694, '30 a 34', 58652, 61365, 120017, 'VALENCIA'),
(695, '35 a 39', 76650, 78653, 155303, 'VALENCIA'),
(696, '40 a 44', 96092, 98928, 195020, 'VALENCIA'),
(697, '45 a 49', 93762, 95573, 189335, 'VALENCIA'),
(698, '50 a 54', 92129, 91459, 183588, 'VALENCIA'),
(699, '55 a 59', 86112, 82337, 168449, 'VALENCIA'),
(700, '60 a 64', 75983, 70211, 146194, 'VALENCIA'),
(701, '65 a 69', 67447, 59823, 127270, 'VALENCIA'),
(702, '70 a 74', 63097, 52392, 115489, 'VALENCIA'),
(703, '75 a 79', 51482, 39774, 91256, 'VALENCIA'),
(704, '80 a 84', 42637, 28476, 71113, 'VALENCIA'),
(705, '85 y más', 51656, 25695, 77351, 'VALENCIA'),
(706, '18 a 19', 4164, 4293, 8457, 'VALLADOLID'),
(707, '20 a 24', 9817, 10162, 19979, 'VALLADOLID'),
(708, '25 a 29', 9916, 10776, 20692, 'VALLADOLID'),
(709, '30 a 34', 11476, 11895, 23371, 'VALLADOLID'),
(710, '35 a 39', 15709, 15890, 31599, 'VALLADOLID'),
(711, '40 a 44', 20255, 20801, 41056, 'VALLADOLID'),
(712, '45 a 49', 20467, 20544, 41011, 'VALLADOLID'),
(713, '50 a 54', 20194, 19625, 39819, 'VALLADOLID'),
(714, '55 a 59', 19362, 18422, 37784, 'VALLADOLID'),
(715, '60 a 64', 17817, 16605, 34422, 'VALLADOLID'),
(716, '65 a 69', 16126, 14841, 30967, 'VALLADOLID'),
(717, '70 a 74', 15212, 13724, 28936, 'VALLADOLID'),
(718, '75 a 79', 12231, 10224, 22455, 'VALLADOLID'),
(719, '80 a 84', 9773, 7158, 16931, 'VALLADOLID'),
(720, '85 y más', 14209, 7218, 21427, 'VALLADOLID'),
(721, '18 a 19', 1136, 1276, 2412, 'ZAMORA'),
(722, '20 a 24', 3123, 3346, 6469, 'ZAMORA'),
(723, '25 a 29', 3436, 3638, 7074, 'ZAMORA'),
(724, '30 a 34', 3622, 4133, 7755, 'ZAMORA'),
(725, '35 a 39', 4353, 4929, 9282, 'ZAMORA'),
(726, '40 a 44', 5468, 5682, 11150, 'ZAMORA'),
(727, '45 a 49', 5589, 5904, 11493, 'ZAMORA'),
(728, '50 a 54', 6425, 6631, 13056, 'ZAMORA'),
(729, '55 a 59', 6639, 7275, 13914, 'ZAMORA'),
(730, '60 a 64', 6012, 6506, 12518, 'ZAMORA'),
(731, '65 a 69', 5423, 5714, 11137, 'ZAMORA'),
(732, '70 a 74', 5410, 5230, 10640, 'ZAMORA'),
(733, '75 a 79', 5163, 4415, 9578, 'ZAMORA'),
(734, '80 a 84', 5465, 3866, 9331, 'ZAMORA'),
(735, '85 y más', 8291, 4917, 13208, 'ZAMORA'),
(736, '18 a 19', 7475, 8140, 15615, 'ZARAGOZA'),
(737, '20 a 24', 17991, 19073, 37064, 'ZARAGOZA'),
(738, '25 a 29', 18418, 19592, 38010, 'ZARAGOZA'),
(739, '30 a 34', 20630, 21889, 42519, 'ZARAGOZA'),
(740, '35 a 39', 26209, 26926, 53135, 'ZARAGOZA'),
(741, '40 a 44', 33431, 34305, 67736, 'ZARAGOZA'),
(742, '45 a 49', 33745, 34470, 68215, 'ZARAGOZA'),
(743, '50 a 54', 33241, 33204, 66445, 'ZARAGOZA'),
(744, '55 a 59', 32219, 31562, 63781, 'ZARAGOZA'),
(745, '60 a 64', 29413, 27790, 57203, 'ZARAGOZA'),
(746, '65 a 69', 26395, 23629, 50024, 'ZARAGOZA'),
(747, '70 a 74', 25463, 21759, 47222, 'ZARAGOZA'),
(748, '75 a 79', 20611, 16578, 37189, 'ZARAGOZA'),
(749, '80 a 84', 17969, 12245, 30214, 'ZARAGOZA'),
(750, '85 y más', 26562, 13517, 40079, 'ZARAGOZA'),
(751, '18 a 19', 1110, 1029, 2139, 'CEUTA');

-- --------------------------------------------------------

--
-- Estructura de tabla para la tabla `tabla12`
--

DROP TABLE IF EXISTS `tabla12`;
CREATE TABLE IF NOT EXISTS `tabla12` (
  `Cod` int(11) NOT NULL,
  `Nombre` varchar(22) COLLATE utf8_spanish2_ci DEFAULT NULL,
  `Elecciones_al_Parlamento_Europeo_25052014` int(11) DEFAULT NULL,
  `Elecciones_municipales_de_24052015` int(11) DEFAULT NULL,
  `Elecciones_a_Cortes_Generales_de_26062016` int(11) DEFAULT NULL,
  PRIMARY KEY (`Cod`)
) ENGINE=MyISAM DEFAULT CHARSET=utf8 COLLATE=utf8_spanish2_ci;

--
-- Volcado de datos para la tabla `tabla12`
--

INSERT INTO `tabla12` (`Cod`, `Nombre`, `Elecciones_al_Parlamento_Europeo_25052014`, `Elecciones_municipales_de_24052015`, `Elecciones_a_Cortes_Generales_de_26062016`) VALUES
(2, 'Albacete', 18843, 15005, 10854),
(3, 'Alicante', 74393, 59506, 43544),
(4, 'Almería', 30383, 24308, 17775),
(1, 'Álava', 12418, 9988, 7402),
(33, 'Asturias', 34838, 27908, 20282),
(5, 'Ávila', 6257, 4944, 3618),
(6, 'Badajoz', 33512, 26487, 19113),
(7, 'Islas Baleares', 46828, 37431, 27302),
(8, 'Barcelona', 229578, 184995, 136037),
(48, 'Bizkaia', 43037, 34593, 25373),
(9, 'Burgos', 13690, 11015, 8047),
(10, 'Cáceres', 18062, 14394, 10442),
(11, 'Cádiz', 61809, 49628, 36244),
(39, 'Cantabria', 22062, 17727, 13005),
(12, 'Castellón', 23218, 18590, 13579),
(13, 'Ciudad Real', 23556, 18548, 13352),
(14, 'Córdoba', 39628, 31676, 22900),
(15, 'A Coruña', 41249, 33073, 24008),
(16, 'Cuenca', 8395, 6657, 4789),
(20, 'Gipuzkoa', 29745, 23896, 17415),
(17, 'Girona', 30009, 24002, 17568),
(18, 'Granada', 45132, 36021, 25878),
(19, 'Guadalajara', 10678, 8617, 6395),
(21, 'Huelva', 24172, 19288, 14063),
(22, 'Huesca', 8456, 6760, 4902),
(23, 'Jaén', 34084, 27084, 19475),
(24, 'León', 16580, 13195, 9520),
(25, 'Lleida', 16477, 13238, 9723),
(27, 'Lugo', 10514, 8389, 6060),
(28, 'Madrid', 268282, 215084, 157306),
(29, 'Málaga', 71026, 56961, 41871),
(30, 'Murcia', 69098, 55269, 40378),
(31, 'Navarra', 29068, 23295, 16949),
(32, 'Ourense', 10054, 7905, 5660),
(34, 'Palencia', 6014, 4707, 3393),
(35, 'Las Palmas', 52490, 41924, 30609),
(36, 'Pontevedra', 38113, 30504, 22363),
(26, 'La Rioja', 12262, 9824, 7103),
(37, 'Salamanca', 13213, 10568, 7572),
(38, 'Santa Cruz de Tenerife', 45636, 36331, 26543),
(40, 'Segovia', 6244, 4898, 3513),
(41, 'Sevilla', 96030, 77136, 56222),
(42, 'Soria', 3476, 2774, 1987),
(43, 'Tarragona', 32112, 25936, 19041),
(44, 'Teruel', 5209, 4125, 2983),
(45, 'Toledo', 31286, 25190, 18301),
(46, 'Valencia', 107984, 86683, 63676),
(47, 'Valladolid', 20106, 16119, 11740),
(49, 'Zamora', 6209, 4895, 3499),
(50, 'Zaragoza', 37337, 29888, 21774),
(51, 'Ceuta', 5255, 4200, 3008),
(52, 'Melilla', 5328, 4260, 3059);
COMMIT;

/*!40101 SET CHARACTER_SET_CLIENT=@OLD_CHARACTER_SET_CLIENT */;
/*!40101 SET CHARACTER_SET_RESULTS=@OLD_CHARACTER_SET_RESULTS */;
/*!40101 SET COLLATION_CONNECTION=@OLD_COLLATION_CONNECTION */;
